<?xml version="1.0" encoding="UTF-8"?>
<process-application
  xmlns="http://www.camunda.org/schema/1.0/ProcessApplication"
  xmlns:xsi="http://www.w3.org/2001/XMLSchema-instance">

  <process-archive>
    <process-engine>default</process-engine>
    <properties>
      <property name="isDeleteUponUndeploy">false</property>
      <property name="isScanForProcessDefinitions">true</property>
      <property name="additionalResourceSuffixes">html</property>
    </properties>
  </process-archive>

</process-application>
